video_uid,query_id,query,answer,gt_start_sec,gt_end_sec,gt_length_sec,error
72295d26-19f7-4c6a-874e-85ba8654861e,72295d26-19f7-4c6a-874e-85ba8654861e_0,Where did i put the fire gun ?,"Actually, there’s no 'fire gun' in the image — that’s not a real firefighting tool. What you’re likely seeing is a **fire alarm control panel** or **fire alarm system**, which is a safety device used to detect fires and alert people.

In the image:
- You can see a person’s hand interacting with the panel.
- There are red buttons (probably for testing or silencing alarms).
- Wires and circuitry are visible inside the panel.
- A small red light or indicator is on top — this is likely a status light for the alarm system.

**Where did you put the fire gun?",28.603889600000002,29.012999600000004,0.40911000000000186,err
72295d26-19f7-4c6a-874e-85ba8654861e,72295d26-19f7-4c6a-874e-85ba8654861e_1,Where was the drill machine ?,"Based on the images provided, the drill machine was on the white workbench, to the right side of the person's view.

In the first image, it is visible on the right edge of the table, near the bottom right corner of the frame. In the second image, it remains in the same general location on the workbench, slightly more to the right as the person has shifted their position slightly.

The drill machine was on the workbench.",78.2927196,80.0129996,1.7202800000000025,no_err
72295d26-19f7-4c6a-874e-85ba8654861e,72295d26-19f7-4c6a-874e-85ba8654861e_2,Where did i put the screw driver?,"Based on the image you provided, you are currently holding the screwdriver in your right hand. It appears you are in the middle of a task, possibly working on the black electrical box or the wires on the table.

The screwdriver is not on the table; it is being actively used by you. You are holding it with your right hand, positioned near the work area on the white table.",103.1492296,103.5549996,0.40577000000000396,err
72295d26-19f7-4c6a-874e-85ba8654861e,72295d26-19f7-4c6a-874e-85ba8654861e_3,How many cables did I drop on the table?,"Based on the image provided, you appear to have dropped **three** cables on the table.

Here's the breakdown:

1.  **One blue cable:** This is the most prominent cable, running from the top right of the table down towards the center. It appears to be a single, long cable that has been dropped.
2.  **One green cable:** This cable is visible near the center of the table, running parallel to the blue cable. It also appears to be a single, long cable that has been dropped.
3.  **One black cable:** This cable is located on the left side of the table, near",136.16802864583332,137.22502864583333,1.0570000000000164,no_err
72295d26-19f7-4c6a-874e-85ba8654861e,72295d26-19f7-4c6a-874e-85ba8654861e_4,How many screw driver were on the table ?,"Based on the image provided, there is **one** screwdriver visible on the table.

It is a yellow and red handled screwdriver, located on the left side of the work area, near the person's left hand and the black electronic component.

There is also a blue-handled tool that looks like a screwdriver or a similar instrument, but it is partially obscured and not clearly identifiable as a standard screwdriver. The primary, clearly identifiable screwdriver is the yellow and red one.

Therefore, there is **1** screwdriver on the table.",191.7870696,192.4639996,0.6769299999999987,err
72295d26-19f7-4c6a-874e-85ba8654861e,72295d26-19f7-4c6a-874e-85ba8654861e_5,Where was the hack saw?,"Based on the provided images, the hack saw was on the white workbench, to the right side of the person's body, near the other tools.

In the second image, it is clearly visible lying on the table next to a screwdriver and a pair of pliers. In the third image, it is still in the same general area, though partially obscured by the person's arm.",257.85182960000003,261.4239996,3.5721699999999714,err
72295d26-19f7-4c6a-874e-85ba8654861e,72295d26-19f7-4c6a-874e-85ba8654861e_6,Where was the scissors before i picked it?,"Based on the image provided, the scissors were likely on the white work surface, near the other tools and wires.

Here's a breakdown of the visual evidence:

-   The scissors are currently being held by the person's right hand, positioned near the bottom right corner of the work surface.
-   On the work surface, to the right of the scissors, there is a roll of tape and a small white object (possibly a piece of plastic or a connector).
-   The scissors are not in a typical storage location like a tool box or on a shelf, which suggests they were placed down on the workbench before being picked up.",310.64977960000004,311.43399960000005,0.7842200000000048,no_err
72295d26-19f7-4c6a-874e-85ba8654861e,72295d26-19f7-4c6a-874e-85ba8654861e_7,Where did i put the screw driver?,"Based on the image provided, the screwdriver is on the white work surface, to the right of the black device you're holding. It's lying next to a pair of blue-handled pliers and some zip ties.

The screwdriver appears to be a red and yellow handled Phillips head screwdriver. It's positioned near the top right of the work area, just below the zip ties and above the yellow tape.",389.11129960000005,389.4639996,0.35269999999997026,no_err
72295d26-19f7-4c6a-874e-85ba8654861e,72295d26-19f7-4c6a-874e-85ba8654861e_8,Where was the blue bucket?,"Based on the first image, the blue bucket was in the background, near the doorway or entrance to the room. It was sitting on the floor, next to a blue broom and dustpan.",411.96815960000004,413.70799960000005,1.7398400000000152,no_err
72295d26-19f7-4c6a-874e-85ba8654861e,72295d26-19f7-4c6a-874e-85ba8654861e_9,Where did i put the black cable?,"Based on the image, you are currently holding the black cable in your hands. You appear to be in the middle of working on it, possibly stripping the end or preparing it for connection.

The cable is not placed on the floor or table; it's actively being handled by you. The table in front of you has other tools and materials, but the black cable you're working with is in your hands.

So, to answer your question: **You put the black cable in your hands.**",437.5395796,438.2379996,0.6984199999999987,err
72295d26-19f7-4c6a-874e-85ba8654861e,72295d26-19f7-4c6a-874e-85ba8654861e_10,What color is the lightener i picked from the table?,"Based on the image provided, there is no lightener visible on the table.

The table has various items on it, including:
- A white tube (possibly caulk or paint)
- A black pen or marker
- A small white container
- A red tool (possibly a screwdriver)
- A black object that looks like a phone or remote
- A small black object that might be a lighter or a tool

However, none of these items appear to be a lightener. The term ""lightener"" typically refers to a hair product used to lighten hair color, which is not something you would typically find on a work",8.9573796,9.2897796,0.3323999999999998,err
72295d26-19f7-4c6a-874e-85ba8654861e,72295d26-19f7-4c6a-874e-85ba8654861e_11,In what location did i last see the lighter?,"Based on the sequence of images provided, the lighter was last seen inside the electrical panel.

Here's the breakdown:
- In the first image, the person's hand is reaching for a black switch inside the open panel.
- In the second image, the person is holding a lighter in their right hand while working inside the panel.
- In the third image, the person is using the lighter to work on something inside the panel.
- In the fourth image, the lighter is no longer visible in the person's hand, but it is still inside the panel, lying on the bottom of the panel, next to the red push buttons.

Therefore",57.797979600000005,72.4063496,14.608369999999994,no_err
72295d26-19f7-4c6a-874e-85ba8654861e,72295d26-19f7-4c6a-874e-85ba8654861e_12,How many wires did i pick from the floor?,"Based on the image provided, you appear to be holding **one** wire in your hand. The wire is blue and is coiled in your hand, with the other end lying on the floor.

There are other wires on the floor, but you are only holding one of them. The question asks how many you picked from the floor, and since you are holding one, the answer is:

**One**",127.6801996,128.9970496,1.3168500000000023,err
72295d26-19f7-4c6a-874e-85ba8654861e,72295d26-19f7-4c6a-874e-85ba8654861e_13,Where is the blue bottle after i left the wires on the table?,"Based on the images provided, the blue bottle is located on the windowsill, to the left of the open plastic parts organizer.

Here's a breakdown of its position in the scene:
- In the first image, the blue bottle is visible on the windowsill.
- In the second image, it remains in the same position on the windowsill.
- In the third image, as you reach for the parts organizer, the blue bottle is still on the windowsill, to the left of the organizer.
- In the fourth image, you are holding a white plastic strip, and the blue bottle is still visible on the windowsill in the",208.2500596,212.5392096,4.2891500000000065,no_err
72295d26-19f7-4c6a-874e-85ba8654861e,72295d26-19f7-4c6a-874e-85ba8654861e_14,What item did i pick from the toolbox?,"Based on the image provided, you picked a **screwdriver** from the toolbox.

Here's the reasoning:

1.  **The Object:** In your hand, you are holding a long, thin tool with a handle and a metallic shaft. This is characteristic of a screwdriver.
2.  **The Toolbox:** The toolbox you are reaching into is a gray, grid-style container with multiple compartments. You are pulling a tool from one of these compartments.
3.  **The Context:** The scene appears to be a work or repair area, with tools and materials scattered on the floor. You are standing by a window, suggesting",210.7542296,211.6039796,0.8497500000000002,err
72295d26-19f7-4c6a-874e-85ba8654861e,72295d26-19f7-4c6a-874e-85ba8654861e_15,How many cables did i pick?,"Based on the image provided, you are holding **one** white cable in your hands.

While there are several other cables on the table (blue, green, black, and others), the question asks how many you *picked*, and you are only holding one in your hands.

Therefore, the answer is **1**.",293.3063096,294.0804696,0.7741599999999949,no_err*
72295d26-19f7-4c6a-874e-85ba8654861e,72295d26-19f7-4c6a-874e-85ba8654861e_16,How many wires did i carry from the shelf?,"You carried **two** wires from the shelf:

1. A **yellow wire** (visible in the first and second images).
2. A **blue wire** (visible in the sixth and seventh images).

You placed both on the work surface, where you later began unspooling them.",411.5843896,420.5848896,9.000499999999988,no_err
72295d26-19f7-4c6a-874e-85ba8654861e,72295d26-19f7-4c6a-874e-85ba8654861e_17,In what location did i last see the blue bucket?,"You last saw the blue bucket on the floor, near the door on the right side of the room.",468.9557596,480.06699960000003,11.11124000000001,no_err
407216c9-b0f1-4fe1-af09-9405a7657953,407216c9-b0f1-4fe1-af09-9405a7657953_0,Query Text:What color t-shirt was the man wearing holding the air-blower machine?,"Based on the provided images, the man holding the air-blower machine is wearing a **grey** t-shirt.

This is visible in multiple frames, such as the first image and several others where the man is standing on the stairs. The t-shirt is a solid, light grey color.",2580.50272,2594.69288,14.190160000000105,no_err
407216c9-b0f1-4fe1-af09-9405a7657953,407216c9-b0f1-4fe1-af09-9405a7657953_1,Query Text:Did I leave the door open?,"Based on the images provided, there is no visible door in any of the frames. The person is working on a wooden structure, likely a deck or porch, and the view is focused on the framing, the ground, and the surrounding yard. There is no indication of a door being open or closed in the scene.

Therefore, the answer to your question is: No, you did not leave a door open, because there is no door visible in the images.",1611.61862,1621.36393,9.745310000000018,WRONG_GT
407216c9-b0f1-4fe1-af09-9405a7657953,407216c9-b0f1-4fe1-af09-9405a7657953_2,Query Text:Where is the metre tape before putting on the wood table saw?,The metre tape is in the man's right hand before he puts it on the wood table saw.,1796.64977,1830.0,33.35023000000001,AMBIGUOUS_GT
ecc633d2-72b5-4bd0-a6a1-f1cedb21d757,ecc633d2-72b5-4bd0-a6a1-f1cedb21d757_0,Query Text:What colour is the jacket I touched at the cloth rail?,"Based on the video, the jacket you touched at the clothing rail is **black**.

Here's the reasoning:
- In frame 7, your hand is shown reaching for and touching a black jacket hanging on the rail.
- In frame 8, your hand is still holding the black jacket, and you are seen holding its tag.
- The jacket remains visible as black in subsequent frames (e.g., frame 9, 10, 11) as you examine it.

Therefore, the jacket you touched is black.",673.9314886458333,692.0692786458334,18.13779000000011,
ecc633d2-72b5-4bd0-a6a1-f1cedb21d757,ecc633d2-72b5-4bd0-a6a1-f1cedb21d757_1,Query Text:How many belts are on the display table?,There are 6 belts on the display table.,771.3218486458334,781.2684386458334,9.946590000000015,
ecc633d2-72b5-4bd0-a6a1-f1cedb21d757,ecc633d2-72b5-4bd0-a6a1-f1cedb21d757_2,Query Text:How many menu holders are on the display table?,2,812.1490286458334,838.3735386458334,26.22451000000001,
ecc633d2-72b5-4bd0-a6a1-f1cedb21d757,ecc633d2-72b5-4bd0-a6a1-f1cedb21d757_3,Query Text:How many ties are on the display table?,There are 4 ties on the display table.,928.2053286458333,942.1650286458333,13.959699999999998,
ecc633d2-72b5-4bd0-a6a1-f1cedb21d757,ecc633d2-72b5-4bd0-a6a1-f1cedb21d757_4,Query Text:Who did I talk to in the boutique?,"Based on the video frames provided, you talked to a man who was sitting near the window in the boutique.

He is visible in frames 5, 6, 7, and 8. He is wearing a black shirt and appears to be looking at his phone or something in his hands while sitting on a chair. The video shows you moving around the store, and this man is the only other person clearly visible in the scene.",990.0904586458333,1000.3100886458333,10.219629999999938,
ecc633d2-72b5-4bd0-a6a1-f1cedb21d757,ecc633d2-72b5-4bd0-a6a1-f1cedb21d757_5,Query Text:What word was written on the poster on the wall?,"Based on the images provided, the poster on the wall has the following text:

- The top line reads: **""SIGN UP""**
- The bottom line reads: **""EXTRA 20% OFF""**

Therefore, the words written on the poster are **""SIGN UP""** and **""EXTRA 20% OFF""**.",1021.6198186458333,1026.8775386458333,5.257719999999949,
ecc633d2-72b5-4bd0-a6a1-f1cedb21d757,ecc633d2-72b5-4bd0-a6a1-f1cedb21d757_6,Query Text:Where did I put the pair of brown shoes?,"Based on the images provided, you put the pair of brown shoes on the floor, right next to the mirror.

In the second image, you are seen placing them down on the dark floor. The first and third images show the reflection in the mirror, which confirms their location on the floor just outside the mirror's frame.",1049.9163786458334,1052.6006586458334,2.6842799999999443,
ecc633d2-72b5-4bd0-a6a1-f1cedb21d757,ecc633d2-72b5-4bd0-a6a1-f1cedb21d757_7,Query Text:In what location did I see the bottle?,"Based on the images provided, the bottle was seen on a white, tiered shelf or stand located in front of the large window. It appears to be sitting on the middle or top tier of this shelf, next to some other items.",1065.1795186458332,1068.2750486458333,3.0955300000000534,
ecc633d2-72b5-4bd0-a6a1-f1cedb21d757,ecc633d2-72b5-4bd0-a6a1-f1cedb21d757_8,What colour is the jacket I examined at the clothes rack?,"Based on the video frames, the jacket you examined is **black**.

You can see it clearly in several frames:
*   In frame 9, your hand is holding the black jacket, and its tag is visible.
*   In frame 10, the jacket is being moved, and its black color is still evident.
*   In frame 11, the jacket is hanging on the rack, and its black color is visible next to other clothes.

The jacket appears to be a dark, solid black color.",674.4023286458333,692.2185386458333,17.816209999999955,
ecc633d2-72b5-4bd0-a6a1-f1cedb21d757,ecc633d2-72b5-4bd0-a6a1-f1cedb21d757_9,How many belts are on the display table?,"Based on the images provided, there are **5 belts** on the display table.

Here is a breakdown of the belts visible in the images:

*   **One tan/brown belt** with a simple buckle, located near the center of the table.
*   **One black belt** with a gold-colored buckle, positioned to the right of the tan belt.
*   **One black belt** with a silver-colored buckle, next to the gold-buckled belt.
*   **One black belt** with a simple, possibly silver, buckle, located further to the right.
*   **One black belt** with a silver-colored",771.2466586458333,781.1627486458333,9.91608999999994,
ecc633d2-72b5-4bd0-a6a1-f1cedb21d757,ecc633d2-72b5-4bd0-a6a1-f1cedb21d757_10,How many display cards are on the display table?,"Based on the images provided, there are **two** display cards on the table.

They are positioned near the center-right of the display, next to the belts and the orange polka-dot item. One card is labeled ""New Accessories In Stock"" and the other is labeled ""Just Arrived"".",812.1850086458334,838.3752586458334,26.190249999999992,
ecc633d2-72b5-4bd0-a6a1-f1cedb21d757,ecc633d2-72b5-4bd0-a6a1-f1cedb21d757_11,How many ties are on the display table?,"Based on the images provided, there are **five** ties on the display table.

Here is the breakdown:
- There are **three** dark blue ties arranged vertically.
- There are **two** black ties, one of which is positioned next to the blue ties, and the other is partially visible underneath the blue ties.

All five ties are clearly visible in the second and third images, laid out on the white marble-like display surface.",843.2925486458333,848.2631286458334,4.970580000000041,
ecc633d2-72b5-4bd0-a6a1-f1cedb21d757,ecc633d2-72b5-4bd0-a6a1-f1cedb21d757_12,What word is written on the poster on the wall?,"Based on the image provided, the poster on the wall has text written in white on a red background.

The text is arranged in three lines:
- The top line reads: **WIFI**
- The middle line reads: **FREE**
- The bottom line reads: **WIFI**

Therefore, the word written on the poster is **WIFI**. The poster is advertising free Wi-Fi.",926.8833886458333,927.7815886458334,0.898200000000088,
ecc633d2-72b5-4bd0-a6a1-f1cedb21d757,ecc633d2-72b5-4bd0-a6a1-f1cedb21d757_13,Where is the brown shoes?,"Based on the image provided, the brown shoes are on the floor, in front of the mirror.

Here's a more detailed breakdown:

-   **Location:** The shoes are on the dark, speckled floor, positioned directly in front of the mirror's reflection.
-   **Appearance:** They are brown, appear to be ankle boots or desert boots, and have a strap across the top.
-   **Context:** The image is taken from a first-person perspective, looking down. The reflection in the mirror shows the person's hand reaching for the shoes, and the shoes are also visible in the reflection. This suggests the person is",1051.4160286458332,1052.6187986458333,1.2027700000001005,
ecc633d2-72b5-4bd0-a6a1-f1cedb21d757,ecc633d2-72b5-4bd0-a6a1-f1cedb21d757_14,Where is the black silhouette shoes?,"Based on the image provided, there are no black silhouette shoes visible.

The image appears to be a blurry, low-resolution shot of an indoor space, likely a clothing store or a closet. The main elements visible are:

- A blue and white plaid shirt hanging on a hanger in the foreground.
- A clothing rack or display with other garments (grey and pinkish items) behind the plaid shirt.
- A white wall or cabinet on the left.
- A dark, possibly black, area on the right that could be a doorway or another section of the store.

There is no clear view of the floor or any footwear.",1058.1738686458334,1058.8300286458334,0.6561599999999999,
ecc633d2-72b5-4bd0-a6a1-f1cedb21d757,ecc633d2-72b5-4bd0-a6a1-f1cedb21d757_15,Where is the water bottle?,"Based on the image provided, the water bottle is on the white countertop or table in the foreground, to the right of the person.

It is a clear plastic bottle with a white cap, sitting next to a white mug and some other small items. The bottle is positioned in front of the large window, which shows trees and a bright sky outside.",1067.2260286458334,1068.0308186458333,0.8047899999999117,
ecc633d2-72b5-4bd0-a6a1-f1cedb21d757,ecc633d2-72b5-4bd0-a6a1-f1cedb21d757_16,Query Text:How many belts were kept on the display table?,4,1508.8930286458335,1534.6421586458334,25.749129999999923,
ecc633d2-72b5-4bd0-a6a1-f1cedb21d757,ecc633d2-72b5-4bd0-a6a1-f1cedb21d757_17,Query Text:How many ties were kept on the display table?,4,1509.3960986458335,1534.3127986458335,24.91669999999999,
ecc633d2-72b5-4bd0-a6a1-f1cedb21d757,ecc633d2-72b5-4bd0-a6a1-f1cedb21d757_18,Query Text:How many purses were kept on the display table?,2,1509.7903386458333,1533.4039786458334,23.613640000000032,
ecc633d2-72b5-4bd0-a6a1-f1cedb21d757,ecc633d2-72b5-4bd0-a6a1-f1cedb21d757_19,Query Text:Where did I put the white color top hanger?,You put the white color top hanger back on the rack.,1202.1435186458334,1218.3660886458335,16.222570000000132,
ecc633d2-72b5-4bd0-a6a1-f1cedb21d757,ecc633d2-72b5-4bd0-a6a1-f1cedb21d757_20,Query Text:Where was the yellow shoe before I picked it up?,"Based on the video frames, the yellow shoe was on the floor before you picked it up.

Here's the reasoning:
- In frame 3, you are seen holding the yellow shoe, and it appears to be in your hand.
- In frame 4, you are holding a white object (possibly a phone or a tag) and the yellow shoe is no longer visible in your hand.
- In frame 5, you are holding the yellow shoe again, but now you are looking at it in the mirror.
- In frame 6, you are holding the yellow shoe and looking at it in the mirror, and you are also",1396.0446886458335,1401.9636286458335,5.9189400000000205,
ecc633d2-72b5-4bd0-a6a1-f1cedb21d757,ecc633d2-72b5-4bd0-a6a1-f1cedb21d757_21,Query Text:Where did I last put the white furry scarf?,You last put the white furry scarf on the display table.,1505.3829486458335,1522.9502386458335,17.567289999999957,
ecc633d2-72b5-4bd0-a6a1-f1cedb21d757,ecc633d2-72b5-4bd0-a6a1-f1cedb21d757_22,Query Text:Where did I last put the orange top hanger?,"Based on the images provided, you last put the orange top hanger on the black clothing rack.

Here's the reasoning:
- The first image shows a blurry view of a clothing store, with a person and a mirror, but no orange top hanger is visible.
- The second and third images clearly show a black clothing rack with several hangers, and a large, bright orange circular object is visible in the background, likely a decorative item or part of the store's design.
- The fourth image is a close-up of the clothing rack, showing the hangers and the orange object in the background.
- The fifth image shows a",1553.6426686458335,1558.4096886458335,4.767020000000002,
ecc633d2-72b5-4bd0-a6a1-f1cedb21d757,ecc633d2-72b5-4bd0-a6a1-f1cedb21d757_23,Query Text:Who did I interact with when I was holding the orange basket?,You interacted with a woman wearing a striped shirt. She was holding a red basket and standing near a mirror in the clothing store.,1574.8531786458334,1588.0543619333332,13.201183287499816,
2d29b45a-169b-453f-8050-98ec147b0ccf,2d29b45a-169b-453f-8050-98ec147b0ccf_0,what did i put on the wall?,"Based on the image, you have placed a piece of **baseboard molding** (or base trim) on the wall.

Here's what we can observe:

-   You are holding a white, wooden piece that has a profiled edge, which is characteristic of baseboard molding.
-   It is being positioned at the junction where the wall meets the floor, which is the standard location for baseboards.
-   The hand and arm are actively pressing it against the wall, indicating you are installing it.
-   The floor below is made of wood planks, and the wall is painted a light color.

This type of molding is",1713.7999999999997,1714.9999999999998,1.2000000000000455,
2d29b45a-169b-453f-8050-98ec147b0ccf,2d29b45a-169b-453f-8050-98ec147b0ccf_1,where was the hammer before i took it?,"Based on the image provided, the hammer was likely on the wooden floor, near the other tools and materials.

Here's a breakdown of the scene:

-   **Current Position:** The hammer is being held in the person's right hand, which is in the process of picking it up or using it.
-   **Surrounding Area:** On the floor, you can see:
    -   A pneumatic nail gun (with a blue hose).
    -   A small white square block (possibly a piece of wood or a spacer).
    -   A long, thin white strip (perhaps a piece of molding or trim).",1731.4748799999998,1731.9099999999999,0.4351200000000972,
2d29b45a-169b-453f-8050-98ec147b0ccf,2d29b45a-169b-453f-8050-98ec147b0ccf_2,what did i put on the wall?,"Based on the images, you are installing a **baseboard** (also called a skirting board or踢脚线).

Here's what's happening:

*   You are placing a long, thin, white strip of wood or MDF along the bottom of the wall.
*   This strip is designed to cover the gap between the wall and the floor, providing a finished look and protecting the wall from scuffs and damage.
*   The person is carefully positioning it against the wall and floor, likely preparing to secure it with nails or adhesive.

So, you put a **baseboard** on the wall.",1795.5720499999998,1798.5719999999997,2.999949999999899,
2d29b45a-169b-453f-8050-98ec147b0ccf,2d29b45a-169b-453f-8050-98ec147b0ccf_3,how many nail gun cartridges did i collect from the bed?,"Based on the images provided, you collected **one** nail gun cartridge from the bed.

Here's the reasoning:
- In the first image, you are holding a nail gun, and there is a single, empty nail cartridge lying on the bed/blanket to the left of the gun.
- In the second image, you are holding the nail gun, and you are reaching for or have just picked up the cartridge from the bed.
- In the third image, you are holding the nail gun with the cartridge loaded into it.
- The other items on the bed (like the green tool and the blue cord) are not cartridges.",1838.5538199999999,1843.9999999999998,5.446179999999913,
2d29b45a-169b-453f-8050-98ec147b0ccf,2d29b45a-169b-453f-8050-98ec147b0ccf_4,what object did i cut?,"Based on the image, you cut a **white plastic or PVC pipe**.

Here's the reasoning:

1.  **The Object:** The item you are holding and cutting is white, cylindrical, and has a smooth surface. It appears to be a section of a pipe or tube, likely made of plastic (PVC is very common for this type of work).

2.  **The Tool:** You are using a **circular saw** (or a miter saw, which is a type of circular saw). This tool is designed for making straight, clean cuts through various materials, including wood, metal, and plastic.

3",1954.9999999999998,1956.1,1.1000000000001364,
2d29b45a-169b-453f-8050-98ec147b0ccf,2d29b45a-169b-453f-8050-98ec147b0ccf_5,where was the nail puller before i picked it?,"Based on the image you provided, the nail puller was likely on the wooden floor, near where you are standing or reaching.

Here's a breakdown of the visual evidence:

-   **Current Position:** You are holding the nail puller in your right hand, actively using it or having just picked it up.
-   **Floor Condition:** The floor is a hardwood surface, and there are visible nail holes and debris, which suggests it's a work-in-progress area (like during a renovation or repair).
-   **Context:** The nail puller is a tool used for removing nails. It was probably lying on the floor, likely",1991.1,1991.7999999999997,0.6999999999998181,
2d29b45a-169b-453f-8050-98ec147b0ccf,2d29b45a-169b-453f-8050-98ec147b0ccf_6,where is the radio?,"Based on the images provided, there is no radio visible in the scene.

The images show a room that appears to be under renovation or cleaning. Key items visible include:
- A large trash can.
- A vacuum cleaner and other tools on a drop cloth.
- A broom leaning against the wall.
- A staircase with a metal railing.
- A person holding a white object, possibly a piece of paper or a small board.

There is no object that resembles a radio in either of the two pictures.",2106.0262799999996,2108.4349999999995,2.408719999999903,
2d29b45a-169b-453f-8050-98ec147b0ccf,2d29b45a-169b-453f-8050-98ec147b0ccf_7,Where were the hammer before I picked it up?,"Based on the image provided, the hammer was likely on the floor near the tools and materials you are working with.

Here's a breakdown of the scene:

-   You are kneeling or sitting on the wooden floor.
-   You are holding a hammer in your right hand.
-   To your right (from your perspective), there is a nail gun and a long green hose.
-   There are several long, white strips of material (possibly baseboard or trim) lying on the floor.
-   The hammer is not visible on the floor in the image, but it is a common practice to place tools like a hammer down on the",1731.3914499999998,1732.0969999999998,0.7055499999999029,
2d29b45a-169b-453f-8050-98ec147b0ccf,2d29b45a-169b-453f-8050-98ec147b0ccf_8,What color is the nail gun I picked?,"Based on the image provided, the nail gun you are holding is **black and silver**.

- The main body of the nail gun is black.
- The magazine or the part where the nails are loaded appears to be silver or metallic.
- There is also a blue air hose connected to it, which is part of the pneumatic system.

The nail gun is a pneumatic tool, and its color scheme is typical for many models of this type of equipment.",1742.2267999999997,1742.6139999999998,0.3872000000001208,
2d29b45a-169b-453f-8050-98ec147b0ccf,2d29b45a-169b-453f-8050-98ec147b0ccf_9,In what room did I disconnect the bulb?,"Based on the visual evidence in the images, you disconnected the bulb in a **closet**.

Here's the reasoning:
- The images show a white, wire-mesh shelving system mounted on the wall, which is a very common feature in closets for hanging clothes or storing items.
- The lighting fixture is located near the ceiling, which is typical for closet lighting.
- The perspective, looking up from inside the closet, and the visible door frame at the top of the image all point to the location being a closet.

Therefore, the room where you disconnected the bulb is a closet.",1776.2522999999997,1781.6049999999998,5.352700000000141,
2d29b45a-169b-453f-8050-98ec147b0ccf,2d29b45a-169b-453f-8050-98ec147b0ccf_10,What machine did I turn?,"Based on the images provided, you turned on the **floor sander**.

Here's the reasoning:

1.  **The Machine:** The object you are holding and operating is a floor sander. It has a motor housing, a sanding pad, and a power cord, which is consistent with a sander used for smoothing floors.
2.  **The Action:** In the first image, you are holding the sander with your hand, and the power cord is visible. In the second image, you are actively holding the sander, and the cord is plugged into an outlet (visible in the background). This suggests you",2065.5541799999996,2067.745,2.190820000000258,
2d29b45a-169b-453f-8050-98ec147b0ccf,2d29b45a-169b-453f-8050-98ec147b0ccf_11,Where did I put the wire?,"Based on the images provided, you appear to have put the wire into the large metal bowl or bucket that is sitting on the floor.

Here's a breakdown of what's happening in the images:

*   **Image 1:** You are holding the wire and are in the process of placing it into the metal bowl. Your hand is inside the bowl, and the wire is being lowered into it.
*   **Image 2:** You have completed the action. The wire is now inside the bowl, and you are reaching down towards the bottom of the bowl, likely to adjust or retrieve something.

The bowl is located on the floor,",2142.1982199999998,2143.8689999999997,1.6707799999999224,
7fc72743-4b55-48de-b988-4c690bda912f,7fc72743-4b55-48de-b988-4c690bda912f_0,What colour is the shirt I first picked from the hook?,"Based on the image provided, the shirt you first picked from the hook is **blue**.

More specifically, it appears to be a **dark blue** shirt with a **white polka dot** pattern. The shirt is being held up, and its color and pattern are clearly visible against the dark wooden slatted background.",1223.3910986458334,1224.6547886458334,1.2636899999999969,
7fc72743-4b55-48de-b988-4c690bda912f,7fc72743-4b55-48de-b988-4c690bda912f_1,What shirt did I put on the cloth rack?,"Based on the video frames, you put a **blue sweater** on the clothing rack.

Here's the evidence from the sequence:
- In frames 1, 2, and 3, your hand is seen hanging a blue garment onto the rack.
- In frame 4, the blue garment is clearly visible on the rack, and you are seen adjusting it.
- In frame 5, the blue garment is shown more clearly, revealing it is a sweater with a white logo on the chest and a tag on the collar.
- The garment remains on the rack in subsequent frames (6 and 7).

Therefore, the item you",1491.1688286458334,1498.3682386458336,7.199410000000171,
7fc72743-4b55-48de-b988-4c690bda912f,7fc72743-4b55-48de-b988-4c690bda912f_2,What colour is the shirt I picked from the cloth rack?,"Based on the images provided, the shirt you picked from the rack is **grey**.

Here's the reasoning:
- In the first image, your hand is holding a grey, ribbed knit sweater.
- In the second image, you are holding up the same grey sweater, showing its texture and a small white tag on the shoulder.
- The third image shows the store environment but does not show the shirt you picked.

Therefore, the color of the shirt you selected is grey.",1597.8401786458335,1600.4853786458334,2.6451999999999316,
180b72fa-2102-414e-a6d5-2806e53f320c,180b72fa-2102-414e-a6d5-2806e53f320c_0,Where did i put the pocket knife?,"Based on the sequence of images, you put the pocket knife down on a workbench or table in the garage.

Here's the breakdown:
- In the first image, you are holding the pocket knife in your right hand while holding a metal part in your left.
- In the second image, you are still holding the metal part, but you have placed the pocket knife down on a surface to your right (from your perspective).
- In the third image, you are holding the metal part and looking up, and the pocket knife is no longer in your hand. It is resting on the workbench.

The pocket knife is now on the",16.89526,20.34079,3.445529999999998,
180b72fa-2102-414e-a6d5-2806e53f320c,180b72fa-2102-414e-a6d5-2806e53f320c_1,Where was the torque before I picked it?,"Based on the image provided, the torque wrench was on the workbench or table in front of you, to the left of the red tool box. It was lying on its side, with the handle pointing towards the right side of the image. You picked it up with your right hand to use it on the engine part you were working on.",45.08837,46.02162,0.933250000000001,
180b72fa-2102-414e-a6d5-2806e53f320c,180b72fa-2102-414e-a6d5-2806e53f320c_2,Where did i put the torque?,"Based on the visual evidence in the images, you put the torque wrench on the workbench or work surface to your left, near the other tools and parts.

Here's a breakdown of what's happening:

*   In the first image, you are holding a torque wrench and appear to be working on a wheel hub or similar part.
*   In the second image, you have placed the torque wrench down on the cluttered workbench. It is located to the left of the central silver wheel hub you were working on, near other tools and parts.
*   The workbench is in the foreground, and you are standing behind it,",76.62352,79.01798,2.394459999999995,
180b72fa-2102-414e-a6d5-2806e53f320c,180b72fa-2102-414e-a6d5-2806e53f320c_3,Where did I put the lubricant?,You put the lubricant on the tire.,93.21398,97.11567,3.901689999999988,
180b72fa-2102-414e-a6d5-2806e53f320c,180b72fa-2102-414e-a6d5-2806e53f320c_4,Where was the plier before I picked it?,"Based on the images provided, the plier was in the drawer before you picked it up.

Here's the reasoning:
- In the first image, you are holding a plier and appear to be in the process of placing it down or have just picked it up.
- In the second image, you are reaching for a tool on the top shelf of the workbench.
- In the third image, you are holding a different tool (a pair of pliers) and have moved away from the drawer area.

The drawer is visible in the first image, and you are holding the plier in your hand. The drawer is closed in",187.65748,190.83699,3.1795099999999934,
180b72fa-2102-414e-a6d5-2806e53f320c,180b72fa-2102-414e-a6d5-2806e53f320c_5,How many power tools are on the work becnh?,"Based on the images provided, there are **three** power tools visible on the workbench.

Here is a breakdown of the power tools seen in the first image:

1.  **Red and Black Cordless Drill/Driver:** Located in the upper left area of the workbench.
2.  **Green and Black Cordless Impact Driver:** Located in the upper right area of the workbench.
3.  **Red and Black Cordless Impact Wrench:** Positioned in the center of the workbench, near the top edge.

These three tools are clearly identifiable as power tools due to their battery packs and design for driving fasteners or",187.66135,191.27362,3.612269999999995,
180b72fa-2102-414e-a6d5-2806e53f320c,180b72fa-2102-414e-a6d5-2806e53f320c_6,In what location did I see the fire extinguisher?,"You saw the fire extinguisher on the wall, to the left of the garage door.",286.91822,289.75644,2.8382199999999784,
180b72fa-2102-414e-a6d5-2806e53f320c,180b72fa-2102-414e-a6d5-2806e53f320c_7,What color is the broom?,"Based on the images provided, the broom is **green**.

In the first image, a green broom handle is visible leaning against the wall in the background, near a white bucket and other clutter. The same green broom handle can be seen in the second image, positioned more clearly in the background.",411.81605,414.76825,2.952200000000005,
180b72fa-2102-414e-a6d5-2806e53f320c,180b72fa-2102-414e-a6d5-2806e53f320c_8,Where was the rim before I picked it?,"The rim was on the floor, next to the tire.",0.0,11.943,11.943,
180b72fa-2102-414e-a6d5-2806e53f320c,180b72fa-2102-414e-a6d5-2806e53f320c_9,Where did I drop the tag and receipt?,"Based on the first image, you dropped the tag and receipt on the floor, near the red lawnmower and the metal stand. They are lying on the concrete floor in the area where you were working.",13.66677,15.23392,1.5671499999999998,
180b72fa-2102-414e-a6d5-2806e53f320c,180b72fa-2102-414e-a6d5-2806e53f320c_10,What did I put in the wheel repair stand?,"Based on the images provided, you did not put anything *in* the wheel repair stand.

Instead, you are holding a **wheel hub** or **wheel center** (the part that goes in the middle of the wheel) in your hands. The wheel repair stand is the machine you are standing in front of, which is used to hold a wheel in place for repair or balancing.

The hub you are holding is separate from the stand. You are likely preparing to place this hub onto a wheel that is already mounted on the stand, or you are inspecting it before doing so. The stand itself is empty in the images.",15.61,18.071,2.461000000000002,
180b72fa-2102-414e-a6d5-2806e53f320c,180b72fa-2102-414e-a6d5-2806e53f320c_11,Where did I put the pack of nuts ?,"Based on the image you provided, it's not possible to determine exactly where you put the pack of nuts. The image shows a cluttered workshop or garage with various tools, parts, and equipment, but there is no visible pack of nuts in the frame.

However, here are some suggestions for where you might have put it:

1.  **On the workbench or table:** The large black workbench in the center of the image is a likely candidate. You might have placed it there while working on something.
2.  **In a toolbox or drawer:** There are several toolboxes and drawers visible in the background and to the",45.274,45.89,0.6159999999999997,
180b72fa-2102-414e-a6d5-2806e53f320c,180b72fa-2102-414e-a6d5-2806e53f320c_12,Where was the bottle before I picked it?,"The bottle was on the floor, near the tires and tools, before you picked it up.",78.038,81.992,3.9540000000000077,
180b72fa-2102-414e-a6d5-2806e53f320c,180b72fa-2102-414e-a6d5-2806e53f320c_13,Where was the tyre before I picked it,"Based on the images provided, the tyre was likely on the floor, positioned next to the red hydraulic jack on the left side of the frame.

Here's the reasoning:

1.  **Initial Position:** In the first image, the tyre is standing upright on the floor, directly next to the red jack. The person is standing beside it, preparing to interact with it.
2.  **Action:** The person then uses a marker to draw a line on the tyre's sidewall. This action requires the tyre to be stable and upright, which is why they are holding it steady with their left hand in the third image.
3.",85.91221,89.35962,3.447410000000005,
180b72fa-2102-414e-a6d5-2806e53f320c,180b72fa-2102-414e-a6d5-2806e53f320c_14,What did l put in the tyre?,"Based on the video, you did not put anything into the tire.

You used a small, blue-handled tool (which looks like a screwdriver or a small pry bar) to poke or prod the center of the wheel, but you did not insert anything into the tire's inner chamber. The action appears to be a check or a minor adjustment, not an installation of a valve, plug, or any other component.

The tire was likely being prepared for mounting or inspection, and the tool was used to check the center hole or remove a small part, but no substance or object was placed inside the tire.",136.20189,160.015,23.813109999999995,
180b72fa-2102-414e-a6d5-2806e53f320c,180b72fa-2102-414e-a6d5-2806e53f320c_15,Where is the pliers?,The pliers are in the man's hands. He is using them to work on the wheel of the orange riding lawnmower.,190.43376,199.578,9.144239999999996,
180b72fa-2102-414e-a6d5-2806e53f320c,180b72fa-2102-414e-a6d5-2806e53f320c_16,Where is my pressure drill?,,213.25934,288.663,75.40366,"CUDA out of memory. Tried to allocate 11.72 GiB. GPU 0 has a total capacity of 31.73 GiB of which 10.75 GiB is free. Including non-PyTorch memory, this process has 20.98 GiB memory in use. Of the allocated memory 18.34 GiB is allocated by PyTorch, and 2.27 GiB is reserved by PyTorch but unallocated. If reserved but unallocated memory is large try setting PYTORCH_CUDA_ALLOC_CONF=expandable_segments:True to avoid fragmentation.  See documentation for Memory Management  (https://pytorch.org/docs/stable/notes/cuda.html#environment-variables)"
180b72fa-2102-414e-a6d5-2806e53f320c,180b72fa-2102-414e-a6d5-2806e53f320c_17,ln what location did l see the drill?,,307.40976,382.465,75.05523999999997,"CUDA out of memory. Tried to allocate 11.72 GiB. GPU 0 has a total capacity of 31.73 GiB of which 10.77 GiB is free. Including non-PyTorch memory, this process has 20.96 GiB memory in use. Of the allocated memory 18.34 GiB is allocated by PyTorch, and 2.25 GiB is reserved by PyTorch but unallocated. If reserved but unallocated memory is large try setting PYTORCH_CUDA_ALLOC_CONF=expandable_segments:True to avoid fragmentation.  See documentation for Memory Management  (https://pytorch.org/docs/stable/notes/cuda.html#environment-variables)"
180b72fa-2102-414e-a6d5-2806e53f320c,180b72fa-2102-414e-a6d5-2806e53f320c_18,Did l touch the exhaust pipe?,,398.0795,465.708,67.62850000000003,"CUDA out of memory. Tried to allocate 9.64 GiB. GPU 0 has a total capacity of 31.73 GiB of which 3.44 GiB is free. Including non-PyTorch memory, this process has 28.29 GiB memory in use. Of the allocated memory 27.62 GiB is allocated by PyTorch, and 307.49 MiB is reserved by PyTorch but unallocated. If reserved but unallocated memory is large try setting PYTORCH_CUDA_ALLOC_CONF=expandable_segments:True to avoid fragmentation.  See documentation for Memory Management  (https://pytorch.org/docs/stable/notes/cuda.html#environment-variables)"
180b72fa-2102-414e-a6d5-2806e53f320c,180b72fa-2102-414e-a6d5-2806e53f320c_19,Where did l put the grass?,"Based on the sequence of images, the person is cleaning out the grass and debris from the mower's collection bin.

In the first image, the person is holding a large clump of grass and debris. In the subsequent images, they are seen pulling this clump out of the mower's collection bin and moving it towards the large black bucket that is positioned underneath the mower.

Therefore, the grass was put into the large black bucket.",471.02719,480.1,9.072810000000004,
8e748fd1-e30e-4bf6-a04f-5f570ca075ac,8e748fd1-e30e-4bf6-a04f-5f570ca075ac_0,who did I interact with when I was shopping,"Based on the images provided, you interacted with the man in the blue shirt and glasses.

Here's what we can observe from the sequence:

- In the first image, he is walking toward you while carrying a box of what appears to be a large cake or dessert.
- In the subsequent images, he is standing near the refrigerated display case and the cake display case, looking at you or the camera.
- He is wearing a lanyard with an ID badge, which suggests he might be an employee of the store (perhaps a manager or staff member).

Therefore, the person you interacted with during your shopping was the man",642.8791186,647.3990686000001,4.519950000000108,
8e748fd1-e30e-4bf6-a04f-5f570ca075ac,8e748fd1-e30e-4bf6-a04f-5f570ca075ac_1,what cake did I carry,"Based on the image you provided, you are carrying a **chocolate and vanilla layered cake**.

Here's what we can observe:

- The cake is in a clear plastic container, which is common for bakery or café items.
- It has multiple layers, alternating between a dark brown color (chocolate) and a lighter color (vanilla or cream).
- There appears to be a layer of white frosting or cream between the chocolate and vanilla layers.
- The top layer is chocolate, and the bottom layer is vanilla/cream.
- The cake is round and looks like a small, individual-sized dessert.

This type of cake is often",682.8833686,684.0004086,1.1170399999999745,
8e748fd1-e30e-4bf6-a04f-5f570ca075ac,8e748fd1-e30e-4bf6-a04f-5f570ca075ac_2,what did I put in the  shelve,"Based on the images you provided, you have put various bags of **sour candy** on the shelf.

The specific brands and types visible are:
- **Sour Patch Kids** (in yellow bags)
- **Starburst Gummies** (in green bags)
- **Hi-Chew** (in green bags)
- **Swedish Fish** (in blue bags)
- **Sour Punch** (in red bags)
- **Troni Sour Gummy Worms** (in purple bags)

These are all popular candy brands, and they are displayed on a retail pegboard shelf, likely in a store or convenience shop.",900.1258786,902.9252086,2.7993300000000545,
8e748fd1-e30e-4bf6-a04f-5f570ca075ac,8e748fd1-e30e-4bf6-a04f-5f570ca075ac_3,When did I talk to the cashier at the store,"Based on the sequence of images provided, you talked to the cashier at the store **after** you entered the store and **before** you left.

Here's the breakdown of the events:

1.  **You enter the store:** The first image shows you walking into the store, with the cashier (the man in the red shirt) visible in the background.
2.  **You are at the counter:** The third and fourth images show you standing at the counter, interacting with the cashier. In the fourth image, you are holding a receipt or a bag, which suggests the transaction is complete.
3.  **You leave the",1033.4078286,1038.5963986,5.188570000000027,
8e748fd1-e30e-4bf6-a04f-5f570ca075ac,8e748fd1-e30e-4bf6-a04f-5f570ca075ac_4,who did I talk to in the supermarket,"Based on the image you provided, it's not possible to definitively identify who you talked to in the supermarket.

Here's why:

*   **No Clear Interaction:** The image shows a scene inside a store, but it doesn't clearly depict an ongoing conversation between you and another person. The people visible are either in the background or not facing the camera in a way that suggests direct interaction with you.
*   **Lack of Context:** The image is a static snapshot. It doesn't show the sequence of events, body language, or facial expressions that would indicate a conversation was happening.
*   **No Identifiable Person:** There",1034.3850286,1035.5316586,1.1466299999999592,
d526d862-080f-4b3e-9894-6ff997f5d6ac,d526d862-080f-4b3e-9894-6ff997f5d6ac_0,What did I put in the kitchen cabinet last?,"Based on the sequence of images provided, you last put a **glass** in the kitchen cabinet.

Here's the reasoning:

1.  The final image shows you looking at the kitchen sink area, with several glasses sitting on the windowsill.
2.  The image before that shows you looking down into the open dishwasher.
3.  The image before that shows you placing a glass into the dishwasher.
4.  The image before that shows you closing the dishwasher door.
5.  The image before that shows you looking at the sink area again, with the glasses on the windowsill.

The sequence implies that you were putting dishes away",53.28261125,60.35903125,7.076419999999999,
d526d862-080f-4b3e-9894-6ff997f5d6ac,d526d862-080f-4b3e-9894-6ff997f5d6ac_1,In what location did I see the kitchen tap?,You saw the kitchen tap in the sink.,56.31599125,87.99703125,31.681040000000003,
d526d862-080f-4b3e-9894-6ff997f5d6ac,d526d862-080f-4b3e-9894-6ff997f5d6ac_2,Who did I talk to in the kitchen?,"Based on the images provided, there is no evidence of you talking to anyone else in the kitchen.

The images show you, wearing large safety goggles, in a kitchen at night. The reflection in the window behind you shows blurry, dark shapes that are likely your own reflection or the reflection of the room's lighting, not another person. There is no clear visual of another person present in the room with you.

Therefore, based on the visual information, you were likely alone in the kitchen.",84.51403125,88.21803125000001,3.7040000000000077,
d526d862-080f-4b3e-9894-6ff997f5d6ac,d526d862-080f-4b3e-9894-6ff997f5d6ac_3,Where is the desktop computer?,"Based on the second image, the desktop computer is located on the desk in the foreground, to the right side of the frame.

It is positioned next to a large, bright monitor, which appears to be the main display for the computer. The computer tower itself is likely situated underneath or behind the monitor, though it is not clearly visible in the image. The setup is on the right side of the room, near the window with the white curtains.",122.97482125,125.33989125000001,2.365070000000003,
d526d862-080f-4b3e-9894-6ff997f5d6ac,d526d862-080f-4b3e-9894-6ff997f5d6ac_4,What did I put in the laundry machine?,"Based on the video, you put a **blue shirt** in the laundry machine.

Here's the evidence from the video:
- The final frame (15th frame) shows your hand turning the dial on the washing machine.
- The frame before that (14th frame) shows a blurry view of the washing machine with a blue shirt visible inside the drum.
- The very first frame (1st frame) shows a blue shirt on the floor next to the washing machine, which is likely the one you just put in.

Therefore, you put a blue shirt in the laundry machine.",162.43260124999998,180.03103124999998,17.598430000000008,
d526d862-080f-4b3e-9894-6ff997f5d6ac,d526d862-080f-4b3e-9894-6ff997f5d6ac_5,Where is the cooking pot?,"Based on the provided images, the cooking pot is located on the kitchen counter.

Here's a more detailed description:
- It is positioned on the countertop, which is situated in front of the kitchen sink area.
- The pot is near the center of the counter, slightly to the left from the viewer's perspective in the second image.
- It appears to be a white or light-colored pot, possibly with a lid, and is surrounded by other kitchen items like bowls and utensils.

The pot is not on the stove, but rather on the counter, suggesting it may have been recently used or is being prepared for use.",193.58836125,196.00379124999998,2.4154299999999864,
d526d862-080f-4b3e-9894-6ff997f5d6ac,d526d862-080f-4b3e-9894-6ff997f5d6ac_6,Where is the tissue paper?,"Based on the image provided, there is no visible tissue paper.

The room appears to be cluttered, with various items such as:
- A small, old-style television set on a wooden stand.
- A wooden shelf unit with some items on it.
- A mirror with a decorative frame on the right wall.
- A framed picture above the mirror.
- A variety of objects on a table or surface in the foreground, including what looks like a remote control, a toy car, and other miscellaneous items.

However, none of these items appear to be tissue paper, nor is there any visible box or dispenser that would typically hold tissue paper",246.88710125,247.82040124999997,0.9332999999999743,
d526d862-080f-4b3e-9894-6ff997f5d6ac,d526d862-080f-4b3e-9894-6ff997f5d6ac_7,In what location did I see the laundry machine last?,You saw the laundry machine last in the laundry room.,246.88895125,247.90691124999998,1.017959999999988,
d526d862-080f-4b3e-9894-6ff997f5d6ac,d526d862-080f-4b3e-9894-6ff997f5d6ac_8,Where is the white and red bucket?,,299.03041125,451.24872125,152.21831000000003,"CUDA out of memory. Tried to allocate 23.88 GiB. GPU 0 has a total capacity of 31.73 GiB of which 3.44 GiB is free. Including non-PyTorch memory, this process has 28.29 GiB memory in use. Of the allocated memory 19.41 GiB is allocated by PyTorch, and 8.52 GiB is reserved by PyTorch but unallocated. If reserved but unallocated memory is large try setting PYTORCH_CUDA_ALLOC_CONF=expandable_segments:True to avoid fragmentation.  See documentation for Memory Management  (https://pytorch.org/docs/stable/notes/cuda.html#environment-variables)"
d526d862-080f-4b3e-9894-6ff997f5d6ac,d526d862-080f-4b3e-9894-6ff997f5d6ac_9,Where is the pipe metal?,,313.82003125,450.62229125,136.80226,"CUDA out of memory. Tried to allocate 19.39 GiB. GPU 0 has a total capacity of 31.73 GiB of which 3.56 GiB is free. Including non-PyTorch memory, this process has 28.17 GiB memory in use. Of the allocated memory 19.04 GiB is allocated by PyTorch, and 8.76 GiB is reserved by PyTorch but unallocated. If reserved but unallocated memory is large try setting PYTORCH_CUDA_ALLOC_CONF=expandable_segments:True to avoid fragmentation.  See documentation for Memory Management  (https://pytorch.org/docs/stable/notes/cuda.html#environment-variables)"
d526d862-080f-4b3e-9894-6ff997f5d6ac,d526d862-080f-4b3e-9894-6ff997f5d6ac_10,In what location did I see the shoes last?,"Based on the two images provided, you last saw the shoes on the floor near the bottom of the stairs.

Here's a breakdown of the visual evidence:

- **Image 1:** This image shows a hallway or entryway with a closed door. There is a pile of items, which includes shoes, on the floor to the left of the door. The camera is looking down the hallway.
- **Image 2:** This image shows a different angle, looking up a staircase. The same pile of shoes is visible on the floor at the bottom of the stairs, to the right of the staircase. The camera is positioned lower, looking",453.34973125,455.54459125,2.1948600000000056,
d526d862-080f-4b3e-9894-6ff997f5d6ac,d526d862-080f-4b3e-9894-6ff997f5d6ac_11,Where is the coffeemaker?,"Based on the image provided, the coffeemaker is located on the kitchen counter.

Here's a more detailed description of its location:

- It is positioned on the left side of the counter, near the edge closest to the viewer.
- It is situated next to a black coffee grinder.
- The counter appears to be a light-colored surface, possibly white or off-white, and is cluttered with various items, including what looks like a bottle of dish soap and other kitchen supplies.
- The coffeemaker is partially obscured by the angle and motion blur of the photo, but its general shape and placement are clear.

In summary, the",13.8226102,15.1595502,1.3369400000000002,
d526d862-080f-4b3e-9894-6ff997f5d6ac,d526d862-080f-4b3e-9894-6ff997f5d6ac_12,What color is the colander?,"Based on the images provided, the colander is white.

It is visible in the sink in the first two images, sitting next to the drain. The white color is consistent across all the photos where it is shown.",23.9548402,27.2275602,3.2727199999999996,
d526d862-080f-4b3e-9894-6ff997f5d6ac,d526d862-080f-4b3e-9894-6ff997f5d6ac_13,What color is the air fryer?,"Based on the images provided, the air fryer is black.

It is located on the countertop to the left of the sink, partially visible in the first and second images. The appliance has a dark, matte finish, which appears black under the warm, yellowish lighting of the kitchen.",36.145680199999994,39.9407502,3.7950700000000026,
d526d862-080f-4b3e-9894-6ff997f5d6ac,d526d862-080f-4b3e-9894-6ff997f5d6ac_14,What did I put in the dishwasher?,"Based on the images provided, you appear to be putting a **red pot or saucepan** into the dishwasher.

Here's the reasoning:
- The first image shows a red pot with a lid sitting on the kitchen counter, next to a sink and dishwasher.
- The second image shows your hand placing an item into the open dishwasher.
- The item being placed in the dishwasher is clearly the same red pot seen in the first image.

It's worth noting that putting pots and pans in the dishwasher is generally not recommended, as the high heat and harsh detergents can damage non-stick coatings and cause warping. However, if you",40.37002019999999,42.4307502,2.0607300000000066,
d526d862-080f-4b3e-9894-6ff997f5d6ac,d526d862-080f-4b3e-9894-6ff997f5d6ac_15,In what location did I see the iron?,You saw the iron on the counter.,105.70180020000001,109.28082020000001,3.57902,
d526d862-080f-4b3e-9894-6ff997f5d6ac,d526d862-080f-4b3e-9894-6ff997f5d6ac_16,How many Guitars on the wall?,"Based on the images provided, there is **one** guitar hanging on the wall.

It is visible in the second and third images, hanging on the wall to the right of the open doorway. The guitar is dark in color and appears to be a standard acoustic or electric guitar.

Therefore, the total number of guitars on the wall is **1**.",119.1722302,122.6136602,3.441429999999997,
d526d862-080f-4b3e-9894-6ff997f5d6ac,d526d862-080f-4b3e-9894-6ff997f5d6ac_17,How many desktops on the table?,"Based on the provided images, there is **one** desktop computer on the table.

Here's the reasoning:

*   The first image shows a desk with a large, bright monitor. This is the primary computer setup.
*   The second image shows a different angle of the room, focusing on a white tower fan and a cat bed on a windowsill. It does not show the desk or the computer.
*   While there is a second monitor visible in the first image (to the right of the main one), it appears to be a secondary display connected to the same computer system, not a separate desktop computer.

Therefore, there is",124.27715020000001,126.0250102,1.7478599999999886,
d526d862-080f-4b3e-9894-6ff997f5d6ac,d526d862-080f-4b3e-9894-6ff997f5d6ac_18,What color is the laundry basket?,"Based on the provided images, the laundry basket is **black**.

In the first image, a dark, likely black, laundry basket is visible on the floor to the right of the washing machine. The second image provides a clearer view of the same basket, confirming its black color.",138.61188020000003,140.17775020000002,1.5658699999999897,
